077A3100-1667-45FA-B98C-37651B5073EE,TpmSmbiosDxe
13B03F00-18B8-48DA-8B1C-B290C69BAAFE,EzFileBrowser
ECEBCB00-D9C8-11E4-AF3D-8CDCD426C973,HttpBootDxe
580DD900-385D-11D7-883A-00500473D4EB,Uhcd
533AC901-A115-4806-9C4E-BD6D72C7ABDE,UpdateErrorInfo
F5751C02-5378-469A-8514-07562D5057A6,CheckWakeUp
8F5A2E02-538C-4D59-B920-C4786ACBC552,Ahci
5C536A02-BDFE-4F47-BF72-18FF5DEAF8E9,FchSandstonePei
8B786703-E8C7-4BEA-8F07-CDF991B90999,AmdPspDxeV2Rv
D0FF5E04-1D07-491D-970E-E220A3B79611,AmdNbioGfxRVPei
6E185705-E3AD-45EF-83C1-F1F9567AF396,DisconnectKbd
2B9E5A05-686F-4E72-AF0A-2D7BAA61E918,AmdNbioPcieRVPei
72133706-A922-43F1-9C75-581D9AE8F666,AmdNbioSmuV9Pei
25075106-F537-4BD4-AFA5-CFF0E6F3B2A6,AmdFabricRvDxe
77EB6C06-FD48-488B-A1B3-AE0A70801369,CryptoDXE
317BC006-9056-42C8-A1C1-92A1AABBC9EE,AmdCcxZenZpSmm
64E6D006-E62A-481E-8F5A-3F76C9184741,AmdSmmCommunication
6D000308-C913-40DB-AD40-B3094FB0F756,AmdCcxXvDxe
19B23409-85BD-44B0-897F-ECFE8AA7A145,SmbiosElogType15
37317709-3B19-446A-B184-63027E14AF01,DeviceGuardProtocolOverride
AE73630A-022D-4884-A696-F728CBF53AEF,SetupItemLinkageSmm
80E66E0A-CCD1-43FA-A7B1-2D5EE0F13910,PciRootBridge
1C98780A-C67D-4D9B-A9D8-4AC0487A6D6E,PcdRecoveryPei
42857F0A-13F2-4B21-8A23-53D3F714B840,CapsuleRuntimeDxe
27B1960A-EE02-47A8-87B0-1222F119257F,FchTaishanPei
1B45CC0A-156A-428A-AF62-49864DA0E6E6,PEI apriori file
7AB0F90A-BDF8-4010-A434-4329FB61330D,SmBusPei
05CA020B-0FC1-11DC-9011-00173153EBA8,AMI ROM hole
0FD41E0B-C4DF-4B4B-863D-17C0DBD6EF56,SbSmi
D17F5B0B-ABEC-4C0B-9E4C-80ABFAAD0379,PTDxeInit
C7A7030C-C3D8-45EE-BED9-5D9E76762953,MouseDriver
B60D320C-25AE-4DCF-B848-196A7E55972F,KeepCriticalData
321BBE0C-3560-4BDF-8310-235CD7C173C0,RomHoleReplacementPpi
E0E2C90C-F1AD-4759-8EA9-5B4E770576CD,AmdNbioPcieZPDxe
1807040D-5934-41A2-A088-8E0F777F71AB,NvramDxe
868A660F-47F8-4088-A4C0-C55FF8DB0C96,LEMPhyPresenceSet12
4A6D890F-93C3-4B6D-A67D-5F2C4DCE347B,RuntimeSmm
7307BD0F-8B7A-4BA5-9AF6-3997D1E32786,AmdNbioSmuV10Pei
2366C20F-E15A-11E3-8BF1-E4115B28BC50,HttpDxe
E859E40F-CC24-41B7-B5A5-685822AABCC6,UserApplicationBin
B5ADE90F-DC14-47A7-8002-E87238AAE930,LEMEfiNvmExpressPassThruProtocolHook
30AF4110-A58E-4EF7-8C75-B725939B3B9F,AmdCpmDisplayFeatureSmm
FF30FA10-EE1D-455D-971F-34B97D20679C,PlatformMemoryConfigurationPei
CA4D1912-C415-4686-8615-A0823D8C4F27,Cf9ResetSmm
73F53712-2A64-4B86-961D-C25B63DF198C,AmdNbioIOMMURVDxe
0F647B12-5FA2-4B5E-9D61-2AB3C51F224E,BctBaseSmmSSP
C11CCB12-C17A-4266-B47D-18FD101811EA,HdpBackupToNvram
338E6713-0295-4C05-A0BB-D945A4595F11,CbsBaseDxeSSP
7BB61314-11B5-4833-BCAD-B1601CA088C9,SmbiosType0
8A563114-70F2-4ADC-9A47-19424DFBE82C,CrbPciePei
B76E5014-EB63-47EB-8915-686FCC3820B9,AmdNbioBaseCZPei
52C05B14-0B98-496C-BC3B-04B50211D680,PeiCore
FD252115-77AF-4D9D-A259-81DD98780E18,UpdateTCMFlag
DAC84E15-C3F5-40F1-8184-8DE8DA91FE0E,SbSocMatissePei
4DF75915-6C88-4EF4-995D-834D866DBD20,CpuSetAgesaPcd
C178E415-6E49-469A-B73D-F6C5EB4101EB,AmdSpiRomProtectDxe
9F3A0016-AE55-4288-829D-D55FD3AAC347,AmiBoardInfo2
9FF8B817-D14C-4A43-9314-123DA3960AD6,AmdMemAm4ZpPei
9FF8B917-D14C-4A43-9314-123DA3960AD6,AmdMemAm4Dxe
6A4B2718-CAF3-4D51-BD91-9EB1D6229F57,PasswordEncodeProtocol
94734718-0BBC-47FB-96A5-EE7A5AE6A2AD,Dhcp4Dxe
77EC5618-2101-4112-86B1-2F752AE10F1A,EcSecureFlashDxe
70E1A818-0BE1-4449-BFD4-9EF68C7F02A8,ReFlash
31A8CB18-5C76-4668-839D-9FE804B419BB,CrbLastFfsPei
999BD818-7DF7-4A9A-A502-9B75033E6A0F,EsrtDxe
6298FE18-D5EF-42B7-BB0C-2953283F5704,SleepSmi
6298FE18-D5EF-42B7-BB0C-295328569842,ResetSmi
3BD61419-4BB8-4921-92C8-BA84A7A3591F,ResetDateTimeDxe
9879341A-197E-4CF6-9BDA-48392F85045F,LEMProductTYpe
80D7491A-F7D9-479D-A8F7-1B393B02ED66,FastBootRuntime
BDAD7D1A-4C48-4C75-B5BC-D002D17F6397,AhciRecovery
39E8CA1A-7A69-4A73-834A-D06381933286,UsbPei
654FE61A-2EDA-4749-A76A-56ED7ADE1CBE,CmosPei
3FBD651B-5F0B-47AF-BE25-AE35C63C8D5C,AmiCpmWrapperPei
A799931B-FDB0-40B2-8A25-D26B58885379,AmdSocAm4BrPei
DB41E01B-A8B0-4E15-B619-4463975B357B,SetupDataChecksumErr
654FE61B-2EDB-4740-A76B-56ED7ADE1CBF,PowerLossFun
DA97681C-A9E3-4209-A9D5-F9E98152F39A,ClearChassisIntrusion
E33D951C-EBE8-474C-AFAA-21AC65AA768F,LEMBootModeFlagDxe
6169AB1C-B05F-4D9C-AFEA-192911E41CE2,AmdPspSmmV2
6697CE1C-D9B6-4535-B661-8B731BFF0408,SmbiosType2
654FE61C-2EDC-4741-A76C-56ED7ADE1CB0,RTCSingleWakeUpInPei
5F749A1D-9500-48CE-A41F-D0F2F71DEF8C,AmdSocAm4BrDxe
9D1E9E1D-B7BE-4AE4-B6A2-0B05544A4122,Mctp
46A2DC1D-6D2A-4558-BC0E-86B4B54B4236,OemCustomizeCsm16Config
BA24061E-B532-4375-A5E4-99C1CAE45D18,EcSecureFlashPei
4E82091E-32A1-4689-8A00-CDE41ED63CDD,SioDxeInit
0948381E-0B3D-43A9-8E03-F2489F2B9E2E,FchSmmDispatcher
A7EEAF1E-969F-40EE-A21E-1856F5E6D41C,InstallMSDMTable
A062CF1F-8473-4AA3-8793-600BC4FFE9A8,CsmDxe
7ECD9C20-68B9-4A6F-B515-D64FF500B109,FsRecovery
C30ADC21-4AA5-4313-A7E7-53395B42BEAB,AmdCpmDisplayFeatureSmmBr
656F7E22-5701-4341-A9A7-99A5D40A5245,AmdFabricSspDxe
3B3CB022-2614-4994-878E-C738CE85F6ED,ApobDummyPei
10C22623-DB6F-4721-AA30-4C12AF4230A7,IdeRecovery
CF009B23-17B9-43EE-BB69-4393CA186B1C,LEMDeviceGuardInit
52A9B223-FAB8-4A24-AEA6-461A59BD3F33,AmdSmbiosDxe
D903BF23-E1DE-4DF0-8B96-73B6F2C2B797,EcFwUpd
8EC41824-6658-4B55-9364-771A0658F5E2,WarmResetFlagShell
0A845224-8675-4241-8AE9-4D94C93DEB90,PauseKey
DF655424-0025-4D4F-82B0-6DAC258BA879,NetworkOffLineLockerProtocol
FA327F24-2DE2-4B60-871A-436BC90605D4,LEMComputraceApiDxe
F64D8B24-1F12-47A4-91AD-5EFC6136B736,LEMDiskRelatedProtocolNull
C1FBD624-27EA-40D1-AA48-94C3DC5C7E0D,SbPei
2E97EA24-5866-4240-A891-D20AFC6074FF,AmdFabricZpSmm
86D70125-BAA3-4296-A62F-602BEBBB9081,DxeIpl
61422D26-81EC-47FF-B6CF-939EAEE73FBA,StatusCodeDxe
46233426-744E-4763-958D-44B1200B320A,AmdMemoryHobInfoPeim
EF1EFD26-F41E-47A1-9FC8-19A68CE06562,OEMUsbCableDetect
351D2427-262C-4A0B-874C-23703B4AA88D,AmdNbioBaseZPDxe
D8367B27-7A08-4AC5-AD1F-C93C3E94225E,AodSmmRv
4810C827-B373-47C6-B53E-AAD30E197CA1,LEMPostFlagSMMProtocol
F1FBD629-22EA-40D1-AA48-94C3DC5C7E0D,SbSocBristolPei
F1DBDF29-12EA-20D1-2C48-84C3DC5C7E0D,SbSocRavenPei
F1DBDF29-A2EA-90D1-2A48-94C3DC5C7E0D,SbSocSummitPei
652EC62A-DC15-4B73-B6BD-DAA13BF1D88C,Cf9ResetSmm
F9FA662B-8361-4DF0-A419-781EB024B2B7,TPMProvision
87EA012D-CBAD-44C1-8431-61193A060941,PeriodicSmiControl
D3F67D2D-67CA-4FB6-9654-77E82901469C,VirtualDev
1BA0062E-C779-4582-8566-336AE8F78F09,Volume Top File
B268252E-541A-4907-9542-6AC8196C5D2D,AmdNbioPcieZPPei
52DFCF2E-5BE5-4376-BC22-14F788A4A425,AmdNbioEarlyPhaseRVPei
AB7ED12E-1D78-4635-AB87-23F00A911EC7,RomLayoutDxe
29D40F30-E8BF-4803-88A6-4247A29A5318,AmdVersionDxe
316B1230-0500-4592-8C09-EABA0FB6B07F,SmmHddSecurity
F26D2D30-817A-45E0-B703-E6C8837A8821,SmbiosType24
C7DD8530-96D8-40DD-BE88-CBDF446C6474,Stibp
EB742231-AA20-4A04-A879-89D80854B266,SmbiosType11
73852F31-9834-4EC7-97EE-41E584DC3C49,LEMComputraceApiSmm
6174C031-9160-4B25-B5A1-DC4EA329D6EA,OemSsid
DA490532-DA5F-43C9-A0CE-6A2E05919350,AfuCapsuleOnDiskDxe
67820532-7613-4DD3-9ED7-3D9BE3A7DA63,Aint13
5EAD1D32-C38A-4508-8DCF-0B9918957A4C,AmdMemoryHobInfoPeim
2688B232-9C02-4C12-BE1F-857C0FF2AAE3,TcgDxeplatform
279DB133-B4C6-4A34-9BE3-C98326DC27DC,LEMHddSecurityEndProtocolHook
978FD233-09A8-4FA0-98E2-D4B62C203251,WarmResetFlagOS
CDBD2D34-0E33-46A8-A6E8-38AE30899FA1,EzTpmUpdIfxFwDrv
82594D34-85DC-49D4-992E-238E622F6152,OemSmmSample
838DCF34-907B-4D55-9A4B-A0EF7167B5F4,NvramPei
FC8CFD34-4D25-478C-83F0-0309C93FFBA4,AmdCcxVhDxe
6F960C35-FFED-4778-99A1-4D998CE519B9,AmdNbioSmuV10Dxe
33FB3535-F15E-4C17-B303-5EB94595ECB6,SmmLockBox
B7EE4835-84CE-4B15-BF52-2D11574CE470,HardwareSignatureEntry
B981A835-6EE8-4F4C-AE0B-210AA0BFBF01,RngDxe
0D58AE36-31AF-4CF3-A74D-74891A1597F2,AssetIDDxe
C9A6DE36-FDFF-4FAF-8343-85D9E3470F43,NvmeInt13
DEF30E37-7AEC-4F69-91A2-CF099E2729F2,PciTableInit
8DDE1037-94E5-4B84-8611-279A004BA8F5,AmdPspP2CmboxV1
E9312938-E56B-4614-A252-CF7D2F377E26,AmiTcgPlatformPeiBeforeMem
F7162F38-6088-4842-B0ED-C143DAD39EFB,PTUpdatePCD
E2A74738-8934-48F5-8412-99E948C8DC1B,SmbiosDmiEdit
4DDA8138-47CD-4019-9178-115003431B21,SWSMI_Shadow
A7FD9E38-C005-45AD-8B65-F13CF6A1FD79,AmdUnbXvPei
B13EDD38-684C-41ED-A305-D7B7E32497DF,Smbios
A5F36439-BD52-49FB-B158-7F6688952BEA,OemSpecialLogoSupport
CF46C339-0651-407A-8E85-D0D72731CCD5,RequestPOPOnReset
7D86C03A-B1F6-4F0F-AB43-81D925F19481,WarmResetFlagDxe
77ECCE3A-7398-4C04-981D-D778E793E0F9,TransferNvramPasswordToSmram
A2702A3C-62FD-402D-B8C3-1D18F6C6FDE5,AodSetupDxe
82ADB73C-E005-4E07-976D-F7F75314EC4F,FchSmmDispatcher
F6C5CE3D-2668-402A-952E-270786150DFB,SwSmi534D3220
16D0A23E-C09C-407D-A14A-AD058FDD0CA1,ACPI
5F0CAB3E-F820-4FD3-B5F1-4568ADA0ACC6,PiSmmCommunicationPei
18EBDB3E-95C2-4725-AB63-74B478C475DE,AmdCpmSocAm4RvDxe
4759E93E-8F44-448F-88A1-BD97FC47BEA5,AmdPspP2CmboxV2
9029F23E-E1EE-40D1-9382-36DD61A63EAA,IT8738PeiInit
983DC43F-8D09-442A-8A97-B4B6BB0E6D8A,Cf9ResetSmm
B219E140-DFFC-11E3-B956-0022681E6906,DnsDxe
4735EC40-F0B8-4102-A4C1-2E83B6B0C0BD,FchHuashanDxe
10811F41-037E-4EBE-9872-771D7646FFFA,LEMSAPAMLock
17119241-1153-970D-6509-75DCDFA41774,SbSocRavenDxe
A7119441-E153-970D-5508-75DCDFA41974,SbSocSummitDxe
0C989D41-F4B4-4244-9D7F-E9FFB4163273,FastBootOption
05DDA141-2DFA-48BB-B09D-D922344947FE,ApobZpRvPei
2D59F041-53A4-40D0-A6CD-844DC0DFEF17,SmmS3SaveState
19D53E44-2450-4C59-A719-07AAEE1A6D7F,uEFIPXEROM
77509744-7507-4B5C-BF6C-3BAB83652F4D,BctBaseSmmRV
30AF1245-A58E-4EF7-8C75-B725939B3B9F,AmdCpmInitSmm
30572445-4C9B-4726-B080-D9AEA2B03DF1,AmdPspPeiV1
927AE345-BB7B-434F-8D29-71BE0D12AB2C,AmdFabricZpDxe
D60CF145-F97C-4085-A73D-8D399757DFE9,AmiCpmWrapperDxe
9A595246-6F53-4526-B856-3C0667F4DA67,LEMAllDriversConnectedEventHook
DD9D5646-BB53-4199-9B27-2A1696D9BE4E,PciDxeInit
00D6E846-49C7-4517-AC79-A70E8BC0553C,AmdMemChanXLatSspPei
520C3847-71A0-40E7-A895-8C8997C33455,AmdMemFeatPei
1ED46147-76E3-4171-BCE5-42D368D26AA6,DebugPortTableDxe
4A2F3948-C40A-469D-86E7-4EDC54133B46,FchKernDxe
127D4E48-85C0-4FBA-B678-B14E9492AADF,FchKernPei
A886C548-0CDD-4E2E-B364-AE956AAA4554,SwSmi534D0540
E2B40649-EAA4-434F-8BBC-9FA4A82E6AAE,AmdSmmControl
D6D27C49-66CA-42C7-BC51-788328B5E5D0,SwSmi534D0240
10E88749-28D1-49A0-AC9E-0324E40211A8,WMISwSmi
5F712C4A-8B9C-4EE6-ADC6-F4241E2A4129,SmbiosType1
CBC59C4A-383A-41EB-A8EE-4498AEA567E4,FlashDriver
71032D4B-4B91-4EC1-AD53-81827FB43108,AmdCpmGpioInitDxe
00364A4C-6A0A-4F08-8FFD-0937F3DBB13E,IdeBusBoard
2ADB6E4C-C983-4140-A160-FBC7D6B450D9,AmdSocAm4SmDxe
9D5FD24C-53DF-44AC-A336-B4879CDB29D9,AmdSpiRomProtectPei
ADD70A4D-1067-4FA3-A669-94C82877F106,TpmNvmeSupport
271B424E-A4CC-4E0E-90A2-7EA4841F12F3,ExportHiiDb
2216614E-CDBE-46E7-BA61-9BD2BC640393,AmiPspFlashSmm
7CA1024F-EB17-11E5-9DBA-28D2447C4829,TlsAuthConfigDxe
221F1D4F-034C-4BEA-B2BB-B7A9672B06D7,CrbSmi
22EA234F-E72A-11E4-91F9-28D2447C4829,HttpUtilitiesDxe
9F6D574F-CA37-41DB-8E4B-78106A338813,SwSmi534D0C40
2CE5604F-A982-4D2E-8FD0-D1600C2E1515,PciDynamicSetup
7B668A4F-45E1-4A26-8DEC-81A4A1E58888,PspDxe
53BCC14F-C24F-434C-B294-8ED2D4CC1860,DataHubDxe
9B3ADA4F-AE56-4C24-8DEA-F03B7558AE50,PcdPeim
B0649250-512B-41AB-8608-FE0757311B8B,AmdPspPeiV2Ssp
71A37E51-F3C8-4B99-B335-A661CA8AD13A,AmdCpmOemInitDxe
B1BAC051-D5C2-4AC1-AC7D-9D2F518A1E7B,AmdApcbSmmV3
B921DC51-49D4-4C14-9089-931C2D6B92BE,AmdSocAm4RvPei
A77C8452-0821-4544-AE47-257489855F91,AmiPspFtpmDxe
70456853-D70E-496C-B6B1-CF88A30BE1A9,AmdVersionPei
C7C27153-E7FD-4D67-9670-CB214EEF0F0E,LEMBBRecoveryPostFlag
0FE9DA53-043D-4265-A94D-FD77FEDE2EB4,TcgPlatformSetupPeiPolicy
07EDEF55-24EC-43F3-8E3E-8C0831E21E68,EzTpmUpdStTpmFwUpdDrv
DAAF0056-87B5-4584-854C-CF207B364CEA,SwSmi534D0840
A5C02C56-19A7-43B5-A0D0-04518A1CA69E,AmdErrorPei
10D93A56-2D64-47D3-828D-7A5066915292,AmdRasBrApeiDxe
39045756-FCA3-49BD-8DAE-C7BAE8389AFF,Tcg2Dxe
80CF7257-87AB-47F9-A3FE-D50B76D89541,PcdDxe
F193C257-3CB5-4D90-A694-2E371082E116,UpdateSerial_NUM
447A1B58-8F3E-4658-ABAA-9E7B2280B90A,NvramSmm
95ECB758-627E-4A2E-B7B8-DC863EFE3425,AmiDeviceGuardApi
25ACF158-DD61-4E64-9A49-55851E9A26C7,CsmBlockIo
805D1C5A-EF12-490A-9E7B-9F4AA2F97E73,AmiPspFtpmSmm
5229AE5A-AB8E-4693-A8FD-B7D7CBCE694C,PTSataController
9221315B-30BB-46B5-813E-1B1BF4712BD3,NVRAM external defaults
6B844C5B-6B75-42CA-8E8E-1CB94412B59B,TcgPeiplatform
8D061E5C-DC72-46F3-8E45-57B227DCBFDE,InitAddressMode
DACF705C-71DF-497D-AABE-10186B2E1DDE,Recovery
E378875C-3282-48A0-A9A8-B1E4E16BD513,ChassisIntrusionS3
3C9A095D-C3CB-4302-96E1-7105A7C46A69,AmdCcxZenRvDxe
97C81E5D-8FA0-486A-AAEA-0EFDF090FE4F,SerialIo
4906415D-4B32-4D28-8557-21C390D76A3C,DeleteUefiCaFromDb
E9D7735D-06E2-47B7-B856-2A20138FAEA4,FchHuashanSmmInit
E646CA5D-6D6B-4773-879B-8B4DA2775E09,FchImcControl
08EFD15D-EC55-4023-B648-7BA40DF7D05D,PeiRamBootPei
E90A7B5E-37B2-43E4-B281-4C8E349045E9,ReFlashSmm
1755E35E-3B29-4F3A-AD20-80788159DA1F,LEMPasswordStoreProtocolSmm
573A445F-4FB6-C2D3-2CC0-5B9C772CFB94,AmdRasSspApeiDxe
1C0D835F-C0C5-4848-B42B-95FEDBCC815C,GnbBristolRouting
17AF0060-A98C-4A03-90AD-6ABED75045BD,CbsBaseDxeRV
7692B160-3591-47AA-BDEE-655297662E76,UefiDMBMHooKInt13Protocol
4C8BDF60-2085-4577-8A46-96CB180967BC,Tpm20Acpi
F81B1762-B783-4E64-AAE3-BE61B5A9039F,AmdNbioBaseCZDxe
348C4D62-BFBD-4882-9ECE-C80BB1C4783B,HiiDatabase
E9DD7F62-25EC-4F9D-A4AB-AAD20BF59A10,StatusCodePei
A6A3A962-C591-4701-9D25-73D0226D89DC,PeiRamBootCacheRdy
E44FC862-12DF-4D4B-9511-93802514AAF8,RomHoleReplacementProtocolSmm
EECC1363-884B-4FE4-A763-B387951B6DDD,SbSocMatisseDxe
E4F61863-FE2C-4B56-A8F4-08519BC439DF,VlanConfigDxe
EF351864-16F3-4A2F-B57D-3B9B785A6248,AmdCpmSocAm4RvPei
AE265864-CF5D-41A8-913D-71C155E76442,CpuIoPei
ADA1C665-7A8A-467C-84EA-7172B2B65862,FchSSSataD3ColdSmm
CEF68C66-06AB-4FB3-A3ED-5FFA885B5725,SmbiosBoard
C8F6D366-DDF1-4960-9D57-82F2655A1294,AodPei
39882267-CE96-4F37-A3EB-00B03BA4FC55,EcSecureFlashSmm
9AC8B567-5FDB-46E5-8B12-ACFC4B24C5EC,OemDataRegionRestore
1A7E4468-2F55-4A56-903C-01265EB7622B,TcpDxe
11726D68-F147-48DF-AB16-0489818BD570,AmiHpetTimer
B670E168-BD14-4D33-86B0-E632848403F1,AmdMemoryHobInfoPeimV2
0C9C3169-6F39-409E-990B-5B8B48B9D2B9,SyncUpNvramToPostFlag
56CBE66A-BF3C-48F9-B9DE-8DA42F906074,SbPcdPei
CD1C556B-62BF-4EEC-8E73-7731F8E847B2,AmdCpmGpioInitSmm
4A69756B-209B-4D57-8810-142DAC6BB7B5,FchSandstoneSmmInit
BA28936B-4051-48CF-A5CD-B63D7BFCA84A,SmBusDxe
19AFD36B-F501-4446-9C9E-0457DB6E7888,SetupItemLinkageDxe
164CE56B-5EBC-4984-B0DA-C12B4F21D2EC,AmdRasRvSmm
5FECEF6B-5FA4-4570-8163-0CF72A9C04C5,Ps2Main
8C8A2E6C-A56C-4A6C-8C9B-B4B6BB4208AE,NvmeRaidDxe
50F6096D-7C98-4C78-9A1D-C5A1833B6A88,AmiTcgNvflagSample
7EB7126D-C45E-4BD0-9357-7F507C5C9CF9,RomLayoutPei
FE72846D-6C19-4237-9052-9C693CF409E3,AmdFabricSspPei
8519ED6D-228A-4A7D-A9E3-6E24D94FE22F,AmdCpmAdaptiveS4Peim
8624F36D-6DE0-44C3-8322-74AD419D3A90,AmdErrorLogDxe
D919136E-865C-4B10-B099-5D897CFEDE08,AmdCpmInitPeim
2942476E-543E-4504-A0D2-0B2115E4A3C4,SwSmi534D0740
858EBE6F-360F-415B-B7DC-463AAEB03412,TcgLegacy
80752470-6EDE-485D-AC36-DC1BA66091EE,LenovoSpecialSwSmi
B09FBA70-839F-4079-920B-81D8964361F6,AmdNbioSmuV8Pei
1B69BD70-9FAD-4A0E-8A3E-DC15AA40FC56,LEMBIOSLock
50A34B71-34DB-402A-169A-48A504DCAF3E,AmiSerial
D4787B71-A878-49C9-97CE-967DF2399AAA,SmramRomHoleK0Protocol
D485A971-B6DC-4E1C-8730-C4455460A6FF,ResetDateTimePei
D3B7F871-3F04-48D4-B9C1-5871825D00AA,GnbMatisseRouting
FE612B72-203C-47B1-8560-A66D946EB371,AMITSESetupData
8CC4C372-D69A-4201-BC19-07799B699369,CollectBootInfoProtocol
369DE372-AB36-4CE1-8E45-8806B76DD70F,PspResource
3A6A1473-13E0-4795-BA9F-22891277D74D,HdpEraseUnitAppDxe
3B6A1473-13E0-4795-BA9F-22891277D74D,HdpEraseAppScreen
0A4FB373-359F-4A34-B354-AB7B2EB72552,AmdSocAm4SmPei
9B69E973-CBDC-4035-9AE8-EC9C7617FA28,LEMPostFlagProtocol
1FEAEE73-F8DC-439F-9FD3-A0ED92B5EBDA,SmbiosMFG
A210F973-229D-4F4D-AA37-9895E6C9EABA,DpcDxe
CCA91175-03E3-442A-B3B8-2E4A335C1DEA,AmiHsti
97A03375-250D-4C59-93A8-F76796725E18,AmdApcbRvSmm
DC2AA475-F939-48BB-9D74-7F2D629C1111,LoadCptImage
F71AAB75-41BE-C209-A324-9B963BBDCB26,AmdRasSspDxe
A2DF5376-C2ED-49C0-90FF-8B173B0FD066,EsaFull
42363877-5513-4019-BDFE-CC075B6467FD,GnbSocRavenDxe
53070378-119A-4836-77BD-893C824ACEB2,FchPromontoryXhciPei
158E2079-23F3-4E83-8A35-657A76408C0A,ApobSspPei
729B3079-8913-4E12-AFEF-2CA264799469,AmdAcpiDxe
09EB7679-2152-47F3-B832-EE9B947B29F5,SmartUsbProtection
D617467B-1FF7-403F-A87D-29F61C80EE7C,AmdCpmOemInitPeim
D3A6CF7C-2A13-4DCD-961F-B88C85ACEB34,AmdCcxZenRvPei
AD3D267D-50E1-4B94-95D3-1025EF5B8391,SecFlashUpdDXE
84FB407D-D076-4DDD-871F-33373A26BABB,FchPromontorySsdt
84FB407D-D086-4DDD-822F-33373A26BACC,FchTaishanSsdt
628A497D-2BF6-4264-8741-069DBD3399D6,ConSplitter
1AEA4E7D-D6F8-491E-BB5C-4BEC10C98C99,FchSmmDispatcher
AAD04E7E-F6E6-4694-B14F-E2D608740E29,SmbiosType3
CC9F5B7E-254B-4F8A-A648-034A40AEDA35,PlatformCustomizePei
D6A2CB7F-6A18-4E2F-B43B-9920A733700A,DxeCore
37A01080-2346-4A54-9900-D22B7B687C22,SmmPciRbIo
21BE6180-733A-443B-DF46-41C008047687,AmdNbioPciePei
F6663081-02D1-4F52-B57C-FDAD224941D4,AmdMemSmbiosV2RvPei
0718AD81-F26A-4850-A6EC-F268E309D707,Tpm20PlatformDxe
D99B0C82-9BB0-4B8D-9545-A2670375A931,AfuCapsuleOnDiskSmm
C0622982-A30A-48A5-8150-5ABF4191056F,LEMBootModeDxeSmm
52FA6F82-5255-45E1-8ABF-C62EDA2C89BA,SmbiosType133
8F4B8F82-9B91-4028-86E6-F4DB7D4C1DFF,Bds
BA26C482-C1DE-4B97-A8BD-160DFDB984AC,FchPromontoryGpioDxe
0FBEE984-33BF-4AC0-A871-B352AD59E337,DisableLTEB
5AD83885-8955-499B-8E9A-EBC24B6E76B1,AmdNbioSmuV9Dxe
67EE3885-80D7-4494-A5FD-445527E23F0E,FirmwareRollbackProtectionDynamicUpdate
2BDED685-F733-455F-A840-43A22B791FB3,AcpiS3SaveDxe
79AA6086-035A-4AD9-A89A-A6D5AA27F0E2,NbPei
9D52C986-0B16-420A-8D4D-D2EAEB593DBF,AssetIDDxeProtocol
4DF17188-F320-4715-82DA-A05DEF51F1D8,AmdCpmOemRvInitPeim
4DF53F89-D421-4F9D-8392-BE3BECC6288E,AhciInt13Dxe
57D16189-7A07-4EFD-9701-5A19FE120E73,PermanentlyRemoval
AAECDC89-2A49-46F1-A163-F7979C039998,IdeBusSrc
3237418A-478C-4700-B59F-768E2CCBC726,CmosDxe
8E38A88A-C267-4131-A8CD-C0BC80A24CB5,CbsSetupDxeSSP
2785ED8A-795F-43A1-AE2D-6BFFECCBA646,AcpiUpdateCpuInfo
FA20568B-548B-4B2B-81EF-1BA08D4A3CEC,BootScriptExecutorDxe
E13DD38C-1B41-49F5-8D92-0839D4234AA2,AmdCpmAdaptiveS4Smm
A24FEE8C-AB1D-4B84-8E74-5DB474D8FEA8,UefiDiagnostic
AB5AD18D-331A-4B7F-9B7F-64EFBAF1AD31,PTInterfacePei
B9B0F38D-1F27-4F46-9F44-42D694729882,AmdCpmOemSmm
34989D8E-930A-4A95-AB04-2E6CFDFF6631,TcgPei
73CD248F-420B-4618-8F74-E15FF48258B5,AmdCpmAdaptiveS4Dxe
56FC768F-B603-4454-8083-BFE98D6084F9,GnbPei
B02EAF8F-28A1-44A8-9947-72DF3A8A4DDD,UefiDMBMEDUSmi
164E5590-FB7A-47B9-8687-3E91DA499D97,AmiAmdUefiRaid
0C375A90-4C4C-4428-8EA0-531BE8959BF7,FlashDriverSmm
765F7890-5755-406D-9B02-C44E7182680C,LEMBoardId
8E09C390-1B30-415E-AF5C-D42AB0160F8C,AmiCbsDxe
B7D19491-E55A-470D-8508-85A5DFA41974,SbDxe
F7D19491-EA53-970D-5508-75ACDFA41974,SbSocBristolDxe
24D7AC91-3A1A-44B7-8CD5-0800A66BCFE5,OemBadgingSupport
0684C591-19E8-499D-978A-D715636F1DAB,AmdRasRvDxe
E74E2F92-ED3B-435D-8A7D-BB29408E9B22,AfuCapsuleOnDiskPei
996B4E92-D1EB-4E35-B194-BF9E0C524ACC,AssetIDOnRecoveryModeDxe
1062CB92-72A9-4FDC-9694-B1FE817EFAAF,DustFilterAlertDxe
B4571193-961A-4D20-A111-91C8B024ED79,SwSmi534D0640
529D3F93-E8E9-4E73-B1E1-BDF6A9D50113,ArpDxe
87C3E993-B28D-4226-89C9-120DBC92ACBF,SmBusSmm
4B6E1294-08D2-4131-83E4-14BE9FCD42C1,AmdMemRestorePei
57E56594-CE95-46AD-9531-3C49310CA7CE,Ofbd
6BFF8B94-D98E-4C7E-8300-E5B64701C118,ApobZpRvDxe
3780B594-32A4-4593-B8CE-8A3F404F61F4,PlatformToDriver
D4F90895-A60B-4E97-B446-2855246F8930,AmdNbioBaseRVDxe
2C6FF095-525C-4128-BD00-B8DA5E52A76E,AmdCpmSocAm4SmbRDxe
CAC3FB95-33F5-4596-818B-68E024DDB67B,IsSecRecoveryPEI
D4395796-6F4C-4C6B-B9D1-92DAA7199A84,AmiRedFishApi
ABCDFB96-ED90-4C7E-A82B-EC98F99305ED,CbsBasePeiSSP
E566B097-4378-485F-91D0-1C097C190CE2,PowerButton
4A3ED697-E9BC-40FE-BDD5-6F99FCDCE9F4,AmdNbioAlibZpDxe
67451698-1825-4AC5-999D-F350CC7D5D72,CryptoPPI
2237C798-93E7-4119-B10C-CF75CD22BFE0,AmdApcbZpDxe
FF761299-D41F-4C73-8380-A24055ADF4B9,EDUDxe
99F03B99-98D8-49DD-A8D3-3219D0FFE41E,Mtftp6Dxe
0135229A-EBB5-4A21-957D-1D20057CF751,TCMPEI
0135229A-EBB5-4A21-957D-1D20057CF752,TCMDXE
E1DB609A-D413-4791-C6EE-093D8BC047A4,AmdNbioPcieDxe
7721929A-D56A-450D-2501-8EA51FA61974,SbCmos
F7EEA79A-D854-4099-9AE7-D0A328E44F72,AssetIDSmmProtocol
B759169B-61E2-4F92-9447-23E3DCD33CEC,AmdCcxZenRvSmm
2486829B-D3F3-47EC-827A-FC104907FC5C,SmmGenericSio
4220AB9B-1730-49C5-A89F-B471CF43B221,FchPromontorySmmInit
C937D89B-5F9C-4A1E-B10D-8F53D7474220,AmiPspRecovery
FB8CE09B-A0DE-467E-9DC6-4465F5987676,AmdFabricSspSmm
DE3E049C-A218-4891-7469-4FC0AE853298,AmdCpmGpioInitPeim
DE3E049C-A218-4891-8658-4FC0AE853298,AmdCpmDisplayFeaturePeim
DE3D7A9C-A218-4891-7469-4FC0AE853298,AmdCpmPcieInitPeim
76D1059D-2E22-40EF-A31F-C49DBBC0DBCE,SetupCheckSumPei
399A229D-F654-4CEF-9ED3-6FC3C992E39C,PciDxeInit
55025E9D-32E9-403B-81C1-F9E3D9D70640,AmdHstiV1
95E3669D-34BE-4775-A651-7EA41B69D89E,Dhcp6Dxe
21891A9E-763E-4377-8841-8D5C90D88C51,NetworkStackSetupScreen
54891A9E-763E-4377-8841-8D5C90D88CDE,TerminalSrc
32F93C9E-83A0-4EE4-B66B-C704615D9895,ApobDummyDxe
1FA1F39E-FEFF-4AAE-BD7B-38A070A3B609,PartitionDxe
0996199F-2CE2-4D97-830B-077A7B28588A,WpbtDxe
968C1D9F-80C4-43B7-8CAE-668AA56C4E71,SmbiosPeim
4F1F379F-2A62-48BB-AC34-D3F135C6E2B7,PcatSingleSegmentPciCfg2Pei
BAE7599F-3C6B-43B7-BDF0-9CE07AA91AA6,CpuIoDxe
FF3EAE9F-AB18-4CAF-B2A1-6BF3FDCA3C4D,LenovoSmbiosProtocol
3C1DE39F-D207-408A-AACC-731CFB7F1DD7,PciBus
4D3708A0-6D9B-47D3-AD87-E80C781BC0A7,AmdApcbDxeV3
2FE607A1-B7D3-41D6-BE4A-DA60BD1CAAAC,FchSmmDispatcher
B7963BA1-D5A8-4ABD-B5CE-41940B006901,WakeUpInDxe
99E06CA1-3779-48B4-8D0A-8A496230E10F,NetworkOfflineLockerSmi
07D279A1-34E4-4168-993B-178B3ACC68EF,AodSetupDxe
598E95A1-9674-4C10-9342-3F06317033F7,SmbiosType13
04EAAAA1-29A1-11D7-8838-00500473D4EB,UsbRtSmm
29D0D0A1-446B-4AF4-AE36-526069E2D543,BBVersionHob
510DF6A1-B6C1-4948-AEE7-59F220F898BD,SataController
72748AA2-B149-4D14-8FF1-10F5836C8933,AmdCcxXvSmm
11799AA2-1C5D-4E5B-8A5D-32D20C39B9D3,AfuCapsuleOnDiskPostFlag
E53734A3-E594-4C25-B1A2-081445650F7F,SmmChildDispatcher2
5E9CABA3-F2B1-497A-ADAC-24F575E9CDE9,TcgDxe
CEF5B9A3-476D-497F-9FDC-E98143E0422C,NVAR store
3FEDD4A3-8112-4534-8DB2-E886EB35075E,ErrorMessage
198251A4-DE06-442A-AAB7-B0EE1E6DB8FF,GenericVar
3C955AA4-41DC-4FD2-B0E8-27FB3C10E5FF,MiscFunctionPortingProtocol
CCB16BA4-B0D5-401A-B047-E091B1C6467B,LEMDeviceInfoProtocol
1BA0ADA4-526B-4F11-A9BD-3F83EE17EA30,CopyRight
271565A5-6E05-4948-BAE7-39AF389FFB97,DMBMPEI
841C04A6-A8B5-49D8-B65D-86CDB36D4416,SmuV11Pei
750890A6-7ACF-4F4F-81BD-B400C2BEA95A,AcpiModeEnable
75189FA6-7BCF-4F4F-81BD-A4F1C3BEA95A,CptSwSmi
F7FDE4A6-294C-493C-B50F-9734553BB757,CapsuleX64
599438A7-4292-4977-8C06-FFC16C445E83,AmdApcbZpSmm
E21F35A8-42FF-4050-82D6-93F7CDFA7073,PiSmmCommunicationSmm
BE216BA8-38C4-4535-A6CA-5DCA5B43ADDF,SmiVariable
15CF24A9-F9AB-46D0-8DCF-83664C632FD8,MemDetect
023B3AA9-098F-4027-B83F-B6407DA06569,AmdPspFtpmDxe
FE2F54A9-017D-45C2-A82D-9822BCF14CA6,FanPolicyDxe
28AB63A9-5FB0-4C93-9C44-0DD8A1E9101D,AmdNbioAlibRVDxe
2BB5AFA9-FF33-417B-8497-CB773C2B93BF,CpuPei
038EF9A9-5969-4793-964F-FF12FA18393E,AmdCpmOemInitPeim
C1B135AA-7ACB-45D0-80B7-862B8D5F0CD5,AmdFabricRvSmm
162793AA-0FE7-4010-9818-45F55C5CCC3E,AmdCpmInitDxe
5466B9AA-EE2F-4FDB-84A3-A330BE1301FF,AmdHstiV2
489E23AB-F146-40D2-931D-90275F151DF1,EzTpmUpdNtcTpmFwUpdDrv
6D6963AB-906D-4A65-A7CA-BD40E5D6AF2B,Udp4Dxe
0D42E9AB-5DDE-4CAC-A485-0215C252717F,AmdSmmControl
2DEF8DAC-395B-4634-846F-A82A48BD13D1,OEMPrimaryVideoRV
2DEF8DAC-395B-4634-846F-A82A48BD13D2,OEMPrimaryVideo
41EF54AD-E2CA-4433-FD27-D9CACA621EAE,AmdNbioIOMMUDxe
EA1343AE-BA6C-4059-BE74-024D36D7AA3F,LEMBootModeFlagPei
2885E4AE-09A5-4EC8-A908-60C4E4A92BAC,FchPromontoryGpioPei
BE9BE8AE-EBBB-450F-962C-BE1938E3FEF9,F2HotKeyAndCorrectPassClr0199
B02F63AF-96D2-4040-A15B-CBB8ADF81933,AmdMemSmbiosDxe
3A18A5AF-F25B-42EE-8606-8D30A974916B,PasswordEncodeSmmProtocol
59AF16B0-661D-4865-A381-38DE68385D8D,OpalSecurity
89E549B0-7CFE-449D-9BA3-10D8B2312D71,S3Resume2Pei
296088B0-5AD7-46B7-A42B-004C2A0F00BB,AmdMemSmbiosV2SspPei
B1EE7CB1-5D00-467F-9E60-24CD8341937A,SetupLoadDefaultDxe
668706B2-BCFC-4AD4-A185-75E79F3FE169,NvmeDynamicSetup
E4ECD0B2-E277-4F2B-BECB-E4D75C9A812E,NbDxe
E5B1D3B2-5E64-4972-86E1-7D38FB9D61EB,OemSmi
668C17B3-7E21-4229-A072-2936F414D73D,LEMRomLayoutDxe
DA2122B3-454C-4321-8F43-8A610AFFEB80,AmiPspResumeServicesSmm
B40637B3-4270-4D2F-B2B5-D41CFC4E0A56,CapsuleSmi
6B38F7B4-AD98-40E9-9093-ACA2B5A253C4,DiskIoDxe
B4536FB5-E251-4EDA-8BCF-D43875BD1A37,GnbRavenRouting
F19071B5-B2F6-4A9C-B2E2-FBF56DA5B229,AmdMemChanXLatZpPei
634E8DB5-C432-43BE-A653-9CA2922CC458,Nvme
6E67A6B5-84EF-4F26-902F-E508D8F3F1AF,AmdMemCzPei
A838CBB5-59EF-4493-89D0-133C8968905D,CrbSmbios
4C47E0B5-E369-469F-B359-28DBD736A131,AmdPspSmmV1
00B8E6B5-83CE-448A-8AC6-CCBC9D5F3BE3,FchTaishanSmmInit
CD3BAFB6-50FB-4FE8-8E4E-AB74D2C1A600,EnglishDxe
61A4AFB6-69E8-4EDB-A606-20FB31C13F82,lBoot
2E3AB8B6-AC9D-4D70-A675-54F52FB22D66,AtaPassThru
42C2F6B6-976F-4EBD-B6A9-FB4178F970FE,FchKernSmmInit
D6E322B7-77ED-4394-86FD-FCED3C052780,LEMRomLayoutSmm
DC3641B8-2FA8-4ED3-BC1F-F9962A03454B,Mtftp4Dxe
871349B8-C7E6-443A-B9ED-91A41AFFFC82,SmuV11Dxe
E68C55B8-C77B-4F66-834F-D73BFB9F29B3,AodDxe
9DAECAB8-AFB8-40D3-80CD-3545D5025DBB,CpuSmm
BBB77CB9-762D-436C-AC40-8EE4901C3446,AmdPbsSetupDxe
5B2820BB-9A8A-443D-A84C-73B925C5727A,AmdApcbRvDxe
BDCE85BB-FBAA-4F4E-9264-501A2C249581,S3SaveStateDxe
688BC4BB-6FDB-4B33-A8E1-D7A952DF4B4A,AmdSmmControl
4A3602BC-1A05-4C82-99B4-588CD2A32CD5,LegacySredir
D912C7BC-F098-4367-92BA-E911083C7B0E,Udp6Dxe
BC3245BD-B982-4F55-9F79-056AD7E987C5,AhciSmm
7C604CBD-5440-46E1-97F7-A4DF8DD09C1C,AmdSmmControl
5EA17ABD-7B30-441D-83AE-3B73C1564B42,PspS3Smm
BC327DBD-B982-4F55-9F79-056AD7E987C5,SmiFlash
3370A4BD-8C23-4565-A2A2-065FEEDE6080,SecSMIFlash
961C19BE-D1AC-4BA7-87AF-4AE0F09DF2A6,TrEEPei
03FA15BF-A5C8-4006-81B5-B836E7A70030,GnbSummitRouting
C81C25C0-533B-48DF-93E5-B87807901CF6,MiscFunctionPortingPpi
3ACEB0C0-3C72-11E4-9A56-74D435052646,TlsDxe
A334E8C1-F49F-49AA-9F82-9210205FC1FB,FchSandstoneDxe
BE2E5EC2-1450-4A9A-B364-4F777B42216D,SwSmi534D0340
D7908EC2-227A-472F-8095-6A159DD723D2,AmdNbioPcieRVDxe
A490D6C3-A8DF-4235-B756-3A2ECF32BC24,AmdMemSmbiosV2ZpPei
69000FC4-15E6-45CF-A6D4-73337A9B5958,AmdCcxZenZpPei
F95754C4-784D-4155-A05E-5C0AE2559FF8,AmdNbioBaseRVPei
D952A0C4-4D96-6853-DECD-058DC9DC5FCF,AmdSocAm4MtsPei
5272EFC4-D506-4CED-A415-DA68B0515120,PciDxeInit
B601F8C4-43B7-4784-95B1-F4226CB40CEE,RuntimeDxe
3ECEB3C6-1B1C-4729-9C62-33DD81D65DDE,FchPromontoryCbsPei
7B05F6C6-B8E3-4007-9F81-68E3773D6E20,LEMPasswordStoreProtocol
2AD511C7-1B60-4002-841D-2998DDC138EE,CryptoSMM
025BBFC7-E6A9-4B8B-82AD-6815A1AEAF4A,MnpDxe
A5E369C8-ABF9-4B43-B212-FF1BFD35666D,CbsSetupDxeZP
7BF3F3C8-4FCA-49A7-804F-9033D2E47841,AmdNbioBaseZPPei
3E9FF4C8-A355-4063-A487-610360C0ACCE,ThirdPartyNvme
16271FCA-55D9-4A33-93FC-5A3EB128DEB6,CrbDxe
3E7788CA-2BFC-4FCE-8122-5176CA492D9F,CbsSetupDxeRV
DB08F6CA-3048-4CD8-9B1F-20BED33ECFE7,StatusCodeSmm
993E9ACB-288C-4788-87EA-09F7A15FD765,AmdCcxVhPei
FEC445CC-2466-4DCE-9052-7400E044554F,CbsBaseDxeZP
19CE57CC-628E-4F96-93D4-3C21F823C343,LEMPhyPresenceSet20
FA70AFCC-3715-4D15-8699-F0DF4CAFC6D3,AmdNbioGfxRVDxe
5BEDB5CC-D830-4EB2-8742-2D4CC9B54F2C,Ip6Dxe
EA7BF2CC-F154-4CC4-A725-6382C701FBFE,AmdMemSmbiosV2RvDxe
8BA016CD-3EE3-4934-9BEE-AED08EA572B9,PspPlatform
E94F54CD-81EB-47ED-AEC3-856F5DC157A9,PiSmmCore
E5FD5ACD-59F8-4D0A-B3A9-22CB020A6EAA,AmdFabricZpPei
3CD405CE-2D91-44E9-895D-4459EECD8F9A,AmdRasRvApeiDxe
9B680FCE-AD6B-4F3A-B60B-F59899003443,DevicePathDxe
A9B700CF-019E-4D8B-A3A7-88E1EA01699E,HddSecurity
49FC00CF-BBD2-4FD4-B9D1-F084A51EB708,ApobSspDxe
94D02FCF-045C-45D3-B023-1A8B5CA5C70A,BIOSVer
534F73CF-0937-418A-90C7-4F1079DCAED1,PeiRamBootDxe
9C1E8BCF-7072-45F4-ACC3-98700A0FC907,AmdUnbXvDxe
F7DFDECF-9C36-4D43-85A4-6D92DAFC3477,FchPromontoryGpioSmmInit
C70522D0-0DDB-4623-AAB7-B84DFC47EFFD,AodSmmSsp
C99E42D0-4964-4B09-B924-4A59E13E4F04,SbRunSmm
4A1A67D0-E77A-4F0A-AF1D-CC412BE93DC9,AmdCcxZenZpDxe
13AC6DD0-73D0-11D4-B06B-00AA00BD6DE7,EbcDxe
71ED12D1-250B-42FB-8C17-10DCFA771701,AmiLegacyInterrupt
C74F06D2-ED92-489B-879C-C0E428A22167,UefiRaid
9ACC38D2-959B-490C-90EA-723D9D902108,AmdMemAm4SspPei
A67A75D2-CCCE-49C1-1BCD-61C310527E89,AmdNbioBaseSspPei
AAF875D2-0968-4585-A40A-B35C9FE0CAEC,AodSmmZp
8EEF9AD2-463E-425F-A4FE-2F6783D6F97E,GenericSio
6F8AC3D2-ED4C-4386-8FDB-2EE920AB50B3,FchHuashanMultiFchDxe
243373D3-C183-4F6A-9AE4-E38419FCDCCC,WarmResetFlagSmi
291E46D4-CA63-4D33-9857-1397C9AD7C0D,LegacySmmSredir
9B3F28D5-10A6-46C8-BA72-BD40B847A71A,AmiTcgPlatformPeiAfterMem
B6E17DD5-5CA0-4E3A-858C-A14345AE0B83,SwSmi534D0040
EA94D9D6-BE8B-4BD0-9481-B04348165CFB,AmdPspSmmV2Ssp
899407D7-99FE-43D8-9A21-79EC328CAC21,Setup
C9C30DD7-91D6-4F75-BF08-846E6020F1A8,AmdNbioIOMMUZPDxe
59242DD8-E7CF-4979-B60E-A6067E2A185F,LegacyRegion
90A06ED8-D514-4CC5-B11C-7743BEE24C55,AmdSocAm4RvDxe
045E78D8-3D5D-4EE5-90AA-42121E1EEE49,CbsBasePeiRV
196CA3D8-9A5A-4735-B328-8FFC1D93D188,TcgPlatformSetupPolicy
07F6A3D8-9320-4BCB-BA8B-4FA6055D909D,AmdPspP2CmboxV2Ssp
A47EE2D8-F60E-42FD-8E58-7BD65EE4C29B,CpuIo2Smm
EF52F4D8-4B2E-4A2D-B888-DAC5421D73F7,AsfSmm
C779F6D8-7113-4AA1-9648-EB1633C7D53B,CapsulePei
4C006CD9-19BA-4617-8483-609194A1ACFC,UsbInt13
E5E2C9D9-5BF5-497E-8860-94F81A09ADE0,NvmeSmm
094788DA-6FFA-4031-B435-FF9623656034,AmdPspDxeV1
B95E9FDA-26DE-48D2-8807-1F9107AC5E3A,UefiPxeBcDxe
2FA2A6DA-11D5-4DC3-999A-749648B03C56,PiSmmIpl
EB8DCCDA-D34D-4765-B989-ED96CA2CA8D5,OemSwSmiDispatchProtocol
056623DC-1285-4EAF-9446-75C3B00F78C6,FchMultiFchDxe
38C03ADC-2115-4FED-8002-714906AFBBF6,DMBM
171F43DC-C4D9-47A6-9641-65DDCDD5AA30,UsbRtDxe
ED8FD9DC-2097-425E-B743-64EFB99D5F0D,AmdPspDxeV2Zp
CB9B43DD-4233-DB03-E0ED-ED89C0D09CAC,AmdSocAm4MtsDxe
8913AADD-564E-4CF8-B176-F3F985979C5F,RomHoleReplacementProtocol
43E7ABDD-E352-4CFB-A230-4CDC1D350E5C,GraphicsConsole
715783DE-BC09-46BC-AE7D-E39879591197,AmdCcxXvPei
9C82D2DE-1F8D-4496-A5B0-FCE7537F6ABC,FchHuashanMultiFchSmm
B1DA0ADF-4F77-4070-A88E-BFFE1C60529A,AMITSE
31CF7DDF-F02F-4783-BAA6-A087B2F83BE6,AssetIDOnRecoveryModePei
E03ABADF-E536-4E88-B3A0-B77F78EB34FE,CpuDxe
E30C62E1-8CB1-4D98-B535-436BCD5F4566,LEMSataPortOverrideProtocol
E23F86E1-056E-4888-B685-CFCD67C179D4,SbRun
C2C0E2E1-CBDB-454C-8F27-96ACEE196367,BctBaseSmmZP
FD93F9E1-3C73-46E0-B7B8-2BBA3F718F6C,TcgSmm
8F3F1DE2-2FE4-4D5C-A8EC-49E8CCA17EBC,RsdpPlus
09DF88E2-0E05-4F28-A55F-0D62BFBCF59F,AmdFabricRvPei
738ECAE2-DBF9-4C00-A0F6-586F3A506139,FchMultiFchPei
586032E3-1386-4ECC-B547-EB285E21066D,AmiAgesaPei
A29A63E3-E4E7-495F-8A6A-07738300CBB3,AmiTcgPlatformDxe
A06F2CE4-10BF-4D1D-8436-45E596E73777,USBTimingEx
A06F2CE4-10BF-4D1D-8436-45E596E73B67,DaylightSavBoot
E05799E5-DB4B-451C-AC87-5893DD8E4295,FchTaishanDxe
2FC61DE6-1791-479C-8A32-7ABB69A4D8D0,AmdPspFtpmPei
FD022AE6-CF36-42F8-E360-2309237257B9,AmdNbioIOMMUSSPPei
D9EA74E6-0B4D-4916-9821-EB58B86211D8,SbPcdDxe
5CEBCDE6-1096-4FE2-9921-5F8E25281A3E,CpuSmm
FC510EE7-FFDC-11D4-BD41-0080C73C8881,DXE apriori file
A19B1FE7-C1BC-49F8-875F-54A5D542443F,CpuIo2Dxe
C10194E7-DEB2-4AF4-9EEE-BFFDE4D7D4C7,TimestampDxe
A46D9EE7-C6B4-42C0-8378-6E4BDC50406B,SetupLoadDefault
C5FA0EE8-2D81-4202-A021-3DA700B3DEAE,AmdCpmPcieInitDxe
18D543E8-C59A-40DC-AA28-50B832C67D02,CutOffStrToLimitedLength
501F30E9-D14F-47DA-AE60-B101E4189D07,AhciInt13Smm
734E8BE9-4801-4A31-A3FA-D61CCB601CA9,OptionRomPolicy
F80697E9-7FD6-4665-8646-88E33EF71DFC,SecurityStubDxe
2D07DCE9-5E64-4979-86E1-7D38FB96AE95,OemDxe
2D07DCE9-5E64-4979-86E6-7D38FB96DD99,OemPei
2D07DCE9-CF98-408F-A13C-20E41746AE95,TPMHwPresent
57E9EEE9-EB7D-4453-BBF7-6C138BF06458,AmdCpmDisplayFeatureDxe
A2F436EA-A127-4EF8-957C-8048606FF670,SnpDxe
D4926BEA-00A3-40E5-A2B9-C317960F31BF,AmiPspFtpmPei
EE54D4EA-B2AD-437F-860F-1AB9685237E9,DustFilterAlertSmm
00026AEB-F334-4C15-A7F0-E1E897E9FE91,NvmeRecovery
ABC6BAEB-AA8D-401D-9B17-C6DA6AF4F48E,DashManagement
3B4D59EC-DFD9-4EC6-BB8A-E0FE2B4264A0,PciDxeInit
6C9AA1EC-286E-4A0A-AA98-E2E530626F4D,AmdiGpuVgaControlDxe
FB7400EE-0E8F-4B9C-B677-CF3E0F27CF62,LEMEfiAtaPassThruProtocolHook
C59716EE-2D90-4B1D-9C36-16523E105689,AmdNbioIOMMUZPPei
89E1DBEE-54CE-422E-9C98-362A3EFDF92D,LemPostFlagPpi
E12929EF-F08C-4E26-8290-281740D874DE,DisableChassisIntrusion
79DE6AEF-BE2D-4BB2-ACBF-0A67E289DBAF,AmdCcxVhSmm
56CD6FEF-9038-49DA-8275-1B2F5B9791A9,EzFmpUpdOpt
EE8175EF-4C60-82AF-F5E2-8A9EF1FC0A9A,AmdRasSspSmm
21073EF1-FF66-41FF-9BF4-A3E936DB1901,FchHuashanPei
AC3AE4F1-6050-4609-B701-6A90B0972E74,AmdNbioAlibDxe
BB8C2CF3-A5E3-49EF-941B-4A01FAC6FD5F,SmiFlashDxe
03417BF3-6D95-41DF-88EF-0DDA6E86DC34,AsfPei
9FB1A1F3-3B71-4324-B39A-745CBB015FFF,Ip4Dxe
28A03FF4-12B3-4305-A417-BB1A4F94081E,RamDiskDxe
4AFA46F5-F97E-4A48-B761-7979FAFCC4F1,PldmSMI
4551F2F5-C684-4F27-936F-C7B04A5C5FF1,SecureBootDXE
47220BF6-19D4-45F8-A816-4618F0496402,OemDxeSample
8D658AF6-178B-432B-9692-ABE717D9BDA8,FchHuashanDsdt
0D1ED2F7-E92B-4562-92DD-5C82EC917EAE,CrbPei
8AAFF1F7-D011-4AE5-8324-DFA470F75D33,AsfDxe
29CF55F8-B675-4F5D-8F2F-B87A3ECFD063,CsmVideo
F82E90F8-5C19-4128-BA8B-0EEABF7F32EF,RomHoleReplacementPostFlag
95DE95F8-A215-48C3-814A-40F07B925D24,AmdMemRestoreDxe
47F229F9-C316-41A3-9F39-69EE22A4E8A8,LenovoEDU
1CF59BF9-E3F6-4D9D-BB94-8B857278BBC6,GnbDxe
D14EA3F9-8BD2-49A3-A636-C6F6C08037D5,AmdPspDxeV2Ssp
E41BE5F9-EC41-454E-B125-A50EE117CA02,AmdMemS3CzDxe
C8CAFFF9-C6E0-4443-B96F-45FE2AD480CD,IsHdpRequiredPostFlag
6F9B3CFA-1AF2-4174-A1C7-8F6310D68BE4,SwSmi534D0140
B0FC49FA-4F5F-4542-81C4-E54DB9592022,LNVRNR
1DFB7BFA-BF8E-4D11-9766-2FB0D0442310,AmiAgesaDxe
1FBA8CFA-8194-49C4-BD8E-9F162A957BA1,WMISwSmiDXE
07893DFB-115C-4C5E-B54E-9A4E83EE2E70,InstallSLICTable
077700FC-1F81-4FD2-8EA8-BE9258884D45,PostScreenInfo
168E8FFC-B8DE-48E4-9CFC-D8A667ABEF65,GnbSocRavenPei
2BC18FFC-7CF6-47C1-AF19-A4076DC00470,CbsBasePeiZP
B085B8FC-CCFC-4337-A59C-DE4ACA1B0365,AmdCpmSocAm4SmBrPei
A1B8C9FD-3D04-43AA-8399-720A629EBF3F,LemSecureBoot
961578FE-B6B7-44C3-AF35-6BC705CD2B1F,Fat
BD809BFE-1E29-4CA0-AE2C-1C7C8E79A00C,WarmResetFlagPei
4BEECAFE-5F02-432E-44B9-3CA5CA5DF189,AmdNbioBaseSspDxe
0D8039FF-49E9-4CC9-A806-BB7C31B0BCB0,AmiTpm20PlatformPei
5D1C5BFF-3B25-4983-9A33-D4691BB3E9A3,UltraFunctionSwSmi
0C556BFF-B16A-439D-A3EC-1164378E2C2A,AmdPspPeiV2
